{
 "bpm": 76.0,
 "beat": 0.789474,
 "bar": 3.157895,
 "duration": 50.7,
 "beats": [
  0.0,
  0.7895,
  1.5789,
  2.3684,
  3.1579,
  3.9474,
  4.7368,
  5.5263,
  6.3158,
  7.1053,
  7.8947,
  8.6842,
  9.4737,
  10.2632,
  11.0526,
  11.8421,
  12.6316,
  13.4211,
  14.2105,
  15.0,
  15.7895,
  16.5789,
  17.3684,
  18.1579,
  18.9474,
  19.7368,
  20.5263,
  21.3158,
  22.1053,
  22.8947,
  23.6842,
  24.4737,
  25.2632,
  26.0526,
  26.8421,
  27.6316,
  28.4211,
  29.2105,
  30.0,
  30.7895,
  31.5789,
  32.3684,
  33.1579,
  33.9474,
  34.7368,
  35.5263,
  36.3158,
  37.1053,
  37.8947,
  38.6842,
  39.4737,
  40.2632,
  41.0526,
  41.8421,
  42.6316,
  43.4211,
  44.2105,
  45.0,
  45.7895,
  46.5789,
  47.3684,
  48.1579,
  48.9474,
  49.7368,
  50.5263
 ],
 "downbeats": [
  0.0,
  3.1579,
  6.3158,
  9.4737,
  12.6316,
  15.7895,
  18.9474,
  22.1053,
  25.2632,
  28.4211,
  31.5789,
  34.7368,
  37.8947,
  41.0526,
  44.2105,
  47.3684,
  50.5263
 ]
}